{"learning_rate": 0.036655734544611865, "n_estimators": 924, "max_depth": 9, "min_child_weight": 2, "subsample": 0.9398765151590364, "colsample_bytree": 0.5565512173747804, "gamma": 0.18141790000818964}